,Tahun,Harga,Lokasi,Kamar Tidur,Kamar Mandi,Luas Lahan,luas bangunan,Cluster
0,2014,200,0,0.1666666666666666,0,0.1206030150753769,0.0156599552572706,1
1,2023,300,0.5384615384615385,0.1666666666666666,0,0.1206030150753769,0.0156599552572706,1
2,2022,299,0.6153846153846154,0.1666666666666666,0,0.1206030150753769,0.0156599552572706,1
3,2019,300,0.2307692307692307,0,0,0.0804020100502512,0.1610738255033557,1
4,2020,245,0.7692307692307694,0.1666666666666666,0,0.1959798994974874,0.0290827740492169,1
5,2017,235,0.8461538461538463,0.1666666666666666,0,0.185929648241206,0.0156599552572706,1
6,2021,320,0.6923076923076923,0.1666666666666666,0,0.2914572864321608,0.0290827740492169,1
7,2016,237,0.4615384615384616,0.1666666666666666,0,0.1206030150753769,0.0111856823266219,1
8,2018,350,0.3846153846153846,0.1666666666666666,0,0.3417085427135679,0.0604026845637583,1
9,2020,470,0.9230769230769232,0.3333333333333333,0.6666666666666667,0.5577889447236181,0.105145413870246,3
10,2018,275,0.1538461538461538,0.1666666666666666,0,0.1708542713567839,0.0290827740492169,1
11,2019,305,0.3076923076923077,0.1666666666666666,0,0.1507537688442211,0.0492170022371364,1
12,2020,310,0.0769230769230769,0.1666666666666666,0,0.1809045226130653,0.0492170022371364,1
13,2018,310,1.0000000000000002,0.1666666666666666,0,0.1809045226130653,0.0492170022371364,1
14,2017,315,0.8461538461538463,0.1666666666666666,0,0.0452261306532663,0.116331096196868,1
15,2019,312,0.6153846153846154,0.1666666666666666,0,0.0452261306532663,0.1096196868008948,1
16,2019,375,0.5384615384615385,0.1666666666666666,0,0.2311557788944723,0.0514541387024608,1
17,2018,270,0,0.1666666666666666,0,0.1256281407035175,0.0156599552572706,1
18,2022,250,0.6923076923076923,0.1666666666666666,0,0.2010050251256281,0.0290827740492169,1
19,2023,297,0,0.1666666666666666,0,0.1959798994974874,0.0492170022371364,1
20,2022,350,0,0.1666666666666666,0,0.3467336683417085,0.105145413870246,1
21,2020,300,0.6923076923076923,0.1666666666666666,0,0.1909547738693467,0.0425055928411633,1
22,2017,299,0.0769230769230769,0.1666666666666666,0,0.1909547738693467,0.1140939597315436,1
23,2021,280,0.5384615384615385,0.1666666666666666,0,0.2613065326633166,0.0290827740492169,1
24,2016,250,0,0.1666666666666666,0,0.2613065326633166,0.0290827740492169,1
25,2018,375,0.0769230769230769,0.1666666666666666,0,0.1809045226130653,0.1096196868008948,1
26,2020,495,0,0.3333333333333333,0,0.5276381909547738,0.0827740492170022,3
27,2018,475,0.5384615384615385,0.1666666666666666,0,0.271356783919598,0.0604026845637583,3
28,2019,250,0,0.1666666666666666,0,0.2613065326633166,0.0290827740492169,1
29,2020,278,0.6923076923076923,0.1666666666666666,0,0.1809045226130653,0.0290827740492169,1
30,2018,495,0,0.1666666666666666,0,0.3567839195979899,0.0290827740492169,3
31,2017,495,0,0.1666666666666666,0,0.3567839195979899,0.0290827740492169,3
32,2019,278,0.3076923076923077,0.1666666666666666,0,0.1809045226130653,0.0290827740492169,1
33,2019,278,1.0000000000000002,0.1666666666666666,0,0.1758793969849246,0.0290827740492169,1
34,2018,235,0.0769230769230769,0.1666666666666666,0,0.185929648241206,0.0156599552572706,1
35,2022,302,0.4615384615384616,0.3333333333333333,0.3333333333333333,0.4271356783919597,0.0827740492170022,1
36,2017,480,0.2307692307692307,0.3333333333333333,0,0.3115577889447236,0.0604026845637583,3
37,2019,325,0.1538461538461538,0.1666666666666666,0,0.1708542713567839,0.0290827740492169,1
38,2019,337,0,0.1666666666666666,0,0.1909547738693467,0.0290827740492169,1
39,2018,331,0,0.1666666666666666,0,0.1809045226130653,0.0290827740492169,1
40,2022,350,0,0.1666666666666666,0,0.3969849246231156,0.0290827740492169,1
41,2023,270,0.0769230769230769,0.1666666666666666,0,0.1256281407035175,0.0156599552572706,1
42,2022,357,0.6923076923076923,0.1666666666666666,0,0.3165829145728643,0.0290827740492169,1
43,2020,205,0,0,0,0.1206030150753769,0,1
44,2017,495,0,0.3333333333333333,0,0.5276381909547738,0.0827740492170022,3
45,2021,475,0,0.3333333333333333,0.3333333333333333,0.3266331658291457,0.105145413870246,3
46,2016,299,0.0769230769230769,0.1666666666666666,0,0.2613065326633166,0.0290827740492169,1
47,2018,250,0.3076923076923077,0.1666666666666666,0,0.2613065326633166,0.0290827740492169,1
48,2020,350,1.0000000000000002,0.1666666666666666,0,0.2211055276381909,0.0492170022371364,1
49,2018,250,0.0769230769230769,0.1666666666666666,0,0.3065326633165829,0.0290827740492169,1
50,2019,270,0.4615384615384616,0,0,0.1758793969849246,0.0290827740492169,1
51,2010,240,0.2307692307692307,0.1666666666666666,0,0.0452261306532663,0.0872483221476509,1
52,2023,270,0.1538461538461538,0,0,0.1758793969849246,0.0290827740492169,1
53,2022,295,0,0.1666666666666666,0,0.4472361809045226,0.0290827740492169,1
54,2019,475,0,0.1666666666666666,0,0.1959798994974874,0.0715883668903803,3
55,2020,465,0,0.1666666666666666,0,0.4824120603015075,0.0671140939597315,3
56,2017,350,0.0769230769230769,0.1666666666666666,0.3333333333333333,0.1557788944723618,0.0984340044742729,1
57,2021,350,0.6923076923076923,0.1666666666666666,0.3333333333333333,0.1557788944723618,0.0984340044742729,1
58,2016,350,0,0.3333333333333333,0.3333333333333333,0.0904522613065326,0.1275167785234899,1
59,2018,685,0,0.3333333333333333,0.3333333333333333,0.4221105527638191,0.1208053691275167,3
60,2020,235,0,0.1666666666666666,0,0.1708542713567839,0.0156599552572706,1
61,2018,270,0.0769230769230769,0.1666666666666666,0,0.1256281407035175,0.0156599552572706,1
62,2019,475,0,0.3333333333333333,0,0.2864321608040201,0.0827740492170022,3
63,2020,350,0.5384615384615385,0.1666666666666666,0,0.3417085427135679,0.0604026845637583,1
64,2018,235,0.6153846153846154,0.1666666666666666,0,0.185929648241206,0.0156599552572706,1
65,2017,475,0.2307692307692307,0.3333333333333333,0,0.2462311557788944,0.0536912751677852,3
66,2019,375,0.7692307692307694,0.1666666666666666,0,0.1809045226130653,0.1096196868008948,1
67,2019,278,0.8461538461538463,0.1666666666666666,0,0.1758793969849246,0.0290827740492169,1
68,2018,255,0.6923076923076923,0.1666666666666666,0,0.185929648241206,0.0290827740492169,1
69,2022,235,0.4615384615384616,0.1666666666666666,0,0.185929648241206,0.0156599552572706,1
70,2023,350,0.3846153846153846,0.1666666666666666,0,0.1959798994974874,0.0380313199105145,1
71,2019,357,0.9230769230769232,0.1666666666666666,0,0.3165829145728643,0.0290827740492169,1
72,2020,680,0.1538461538461538,0.1666666666666666,0,0.1608040201005025,0.0559284116331096,3
73,2017,475,0.3076923076923077,0.1666666666666666,0,0.3417085427135679,0.0827740492170022,3
74,2021,299,0.0769230769230769,0.1666666666666666,0,0.2613065326633166,0.0290827740492169,1
75,2016,299,1.0000000000000002,0.1666666666666666,0,0.2613065326633166,0.0290827740492169,1
76,2018,299,0.8461538461538463,0.1666666666666666,0,0.2613065326633166,0.0290827740492169,1
77,2020,300,0.6153846153846154,0.1666666666666666,0,0.1507537688442211,0.0290827740492169,1
78,2018,250,0.5384615384615385,0.1666666666666666,0,0.2613065326633166,0.0290827740492169,1
79,2019,375,0,0.1666666666666666,0,0.1809045226130653,0.1096196868008948,1
80,2020,375,0.6923076923076923,0.1666666666666666,0,0.1809045226130653,0.1096196868008948,1
81,2018,235,0,0.1666666666666666,0,0.185929648241206,0.0156599552572706,1
82,2017,685,0,0.3333333333333333,0.3333333333333333,0.4221105527638191,0.116331096196868,3
83,2019,270,0.5384615384615385,0,0,0.1758793969849246,0.0290827740492169,1
84,2019,227,0.6153846153846154,0.1666666666666666,0,0.1206030150753769,0.0111856823266219,1
85,2018,275,0.2307692307692307,0.1666666666666666,0,0.1708542713567839,0.0290827740492169,1
86,2022,270,0.7692307692307694,0,0,0.1758793969849246,0.0290827740492169,1
87,2023,270,0.8461538461538463,0.1666666666666666,0,0.1758793969849246,0.0290827740492169,1
88,2022,278,0.6923076923076923,0.1666666666666666,0,0.1758793969849246,0.0290827740492169,1
89,2020,270,0.4615384615384616,0,0,0.1758793969849246,0.0290827740492169,1
90,2017,270,0.3846153846153846,0,0,0.1758793969849246,0.0290827740492169,1
91,2021,375,0.9230769230769232,0.1666666666666666,0,0.1809045226130653,0.1096196868008948,1
92,2016,299,0.1538461538461538,0.1666666666666666,0,0.2613065326633166,0.0290827740492169,1
93,2018,689,0.3076923076923077,0.3333333333333333,0.3333333333333333,0.4221105527638191,0.1208053691275167,3
94,2020,335,0.0769230769230769,0.1666666666666666,0,0.1206030150753769,0.0290827740492169,1
95,2018,260,1.0000000000000002,0.1666666666666666,0,0.2613065326633166,0.0380313199105145,1
96,2019,275,0.8461538461538463,0.1666666666666666,0,0.1256281407035175,0.0156599552572706,1
97,2020,278,0.6153846153846154,0.1666666666666666,0,0.1758793969849246,0.0290827740492169,1
98,2018,278,0.5384615384615385,0.1666666666666666,0,0.1758793969849246,0.0290827740492169,1
99,2017,495,0,0.1666666666666666,0,0.1809045226130653,0.1096196868008948,3
100,2019,495,0.6923076923076923,0.3333333333333333,0,0.0703517587939698,0.3243847874720358,3
101,2019,200,0,0.1666666666666666,0,0.1206030150753769,0.0156599552572706,1
102,2018,265,0,0.1666666666666666,0,0.1206030150753769,0.0290827740492169,1
103,2022,227,0.6923076923076923,0.1666666666666666,0,0.1206030150753769,0.0111856823266219,1
104,2017,325,0.1538461538461538,0.1666666666666666,0,0.1909547738693467,0.0604026845637583,1
105,2019,475,0.5384615384615385,0.1666666666666666,0,0.2110552763819095,0.0290827740492169,3
106,2019,685,0,0.3333333333333333,0.3333333333333333,0.321608040201005,0.105145413870246,3
107,2018,270,0.0769230769230769,0.1666666666666666,0,0.1256281407035175,0.0156599552572706,1
108,2022,260,0,0.1666666666666666,0,0.1758793969849246,0.0290827740492169,1
109,2023,255,0.5384615384615385,0,0.3333333333333333,0.1306532663316583,0.0380313199105145,1
110,2022,280,0,0.1666666666666666,0,0.321608040201005,0.1722595078299776,1
111,2020,350,0.6923076923076923,0.1666666666666666,0,0.3366834170854271,0.0604026845637583,1
112,2017,480,0,0.3333333333333333,0,0.3115577889447236,0.0604026845637583,3
113,2021,495,0,0.3333333333333333,0,0.6633165829145728,0.0604026845637583,3
114,2016,270,0.3076923076923077,0.1666666666666666,0,0.1256281407035175,0.0156599552572706,1
115,2018,260,1.0000000000000002,0.1666666666666666,0,0.1758793969849246,0.0290827740492169,1
116,2020,260,0.0769230769230769,0.1666666666666666,0,0.1758793969849246,0.0290827740492169,1
117,2018,260,0.4615384615384616,0.1666666666666666,0,0.1758793969849246,0.0290827740492169,1
118,2019,350,0.2307692307692307,0,0,0.1758793969849246,0.0290827740492169,1
119,2010,350,0.1538461538461538,0.1666666666666666,0,0.3417085427135679,0.0604026845637583,1
120,2023,270,0,0,0,0.1758793969849246,0.0290827740492169,1
121,2022,270,0,0.1666666666666666,0,0.1256281407035175,0.0156599552572706,1
122,2019,350,0,0.1666666666666666,0,0.2261306532663316,0.0492170022371364,1
123,2020,325,0.0769230769230769,0.1666666666666666,0,0.1909547738693467,0.0604026845637583,1
124,2017,250,0.6923076923076923,0.1666666666666666,0,0.2613065326633166,0.0290827740492169,1
125,2021,299,0,0.1666666666666666,0,0.2613065326633166,0.0290827740492169,1
126,2016,200,0,0.1666666666666666,0,0.2613065326633166,0.0290827740492169,1
127,2018,370,0,0.1666666666666666,0,0.2914572864321608,0.0290827740492169,1
128,2020,255,0.0769230769230769,0.1666666666666666,0,0.1758793969849246,0.0290827740492169,1
129,2018,299,0.3076923076923077,0.1666666666666666,0,0.2613065326633166,0.0290827740492169,1
130,2019,200,1.0000000000000002,0.1666666666666666,0,0.2613065326633166,0.0290827740492169,1
131,2020,299,0.0769230769230769,0.1666666666666666,0,0.1507537688442211,0.0290827740492169,1
132,2018,689,0.4615384615384616,0.3333333333333333,0.3333333333333333,0.4221105527638191,0.116331096196868,3
133,2017,685,0.2307692307692307,0.3333333333333333,0.3333333333333333,0.3115577889447236,0.116331096196868,3
134,2019,475,0.1538461538461538,0.1666666666666666,0,0.271356783919598,0.0604026845637583,3
135,2019,275,0,0.1666666666666666,0,0.1758793969849246,0.0290827740492169,1
136,2018,275,0,0.1666666666666666,0,0.1758793969849246,0.0290827740492169,1
137,2022,270,0,0.1666666666666666,0,0.1256281407035175,0.0156599552572706,1
138,2023,680,0.0769230769230769,0.3333333333333333,0,0.3065326633165829,0.0939597315436241,3
139,2021,495,0.6923076923076923,0.1666666666666666,0,0.0452261306532663,0.1387024608501118,3
140,2016,475,0,0.1666666666666666,0,0.2211055276381909,0.0492170022371364,3
141,2018,260,0,0.1666666666666666,0,0.1809045226130653,0.0290827740492169,1
142,2020,255,0,0.1666666666666666,0,0.1758793969849246,0.0290827740492169,1
143,2018,260,0.0769230769230769,0.1666666666666666,0,0.1809045226130653,0.0290827740492169,1
144,2019,255,0,0,0.3333333333333333,0.1306532663316583,0.0380313199105145,1
145,2010,357,0.5384615384615385,0.1666666666666666,0,0.4824120603015075,0.0290827740492169,1
146,2023,470,0.6153846153846154,0.1666666666666666,0,0.4221105527638191,0.0380313199105145,3
147,2022,270,0.2307692307692307,0.1666666666666666,0,0.1256281407035175,0.0156599552572706,1
148,2019,280,0.7692307692307694,0.1666666666666666,0,0.2211055276381909,0.0201342281879194,1
149,2020,490,0.8461538461538463,0.1666666666666666,0,0.2412060301507537,0.0492170022371364,3
150,2017,490,0.6923076923076923,0.1666666666666666,0,0.2412060301507537,0.0492170022371364,3
151,2021,475,0.4615384615384616,0.1666666666666666,0,0.185929648241206,0.0827740492170022,3
152,2016,470,0.3846153846153846,0.1666666666666666,0,0.271356783919598,0.0671140939597315,3
153,2018,260,0.9230769230769232,0.1666666666666666,0,0.1809045226130653,0.0290827740492169,1
154,2020,275,0.1538461538461538,0.1666666666666666,0,0.4673366834170854,0.0604026845637583,1
155,2023,253,0.3076923076923077,0.1666666666666666,0,0.185929648241206,0.0156599552572706,1
156,2022,680,0.0769230769230769,0.1666666666666666,0.3333333333333333,0.2763819095477386,0.0626398210290827,3
157,2019,235,1.0000000000000002,0.1666666666666666,0,0.185929648241206,0.0156599552572706,1
158,2020,350,0.8461538461538463,0.1666666666666666,0,0.2261306532663316,0.0492170022371364,1
159,2017,200,0.6153846153846154,0.1666666666666666,0,0.1206030150753769,0.0156599552572706,1
160,2021,485,0.5384615384615385,0.1666666666666666,0,0.1959798994974874,0.0604026845637583,3
161,2016,485,0,0.1666666666666666,0,0.1959798994974874,0.0604026845637583,3
162,2018,350,0.6923076923076923,0.1666666666666666,0,0.3417085427135679,0.0604026845637583,1
163,2020,480,0,0.1666666666666666,0,0.3618090452261306,0.0425055928411633,3
164,2018,689,0.0769230769230769,0.3333333333333333,0.3333333333333333,0.4221105527638191,0.116331096196868,3
165,2019,260,0,0.1666666666666666,0,0.1809045226130653,0.0290827740492169,1
166,2020,260,0.6923076923076923,0.1666666666666666,0,0.1809045226130653,0.0290827740492169,1
167,2018,270,0.5384615384615385,0.1666666666666666,0,0.1256281407035175,0.0156599552572706,1
168,2017,255,0.6153846153846154,0.1666666666666666,0,0.185929648241206,0.0290827740492169,1
169,2019,328,0.0769230769230769,0.1666666666666666,0,0.1758793969849246,0.0290827740492169,1
170,2019,475,0.3846153846153846,0.1666666666666666,0,0.2211055276381909,0.0492170022371364,3
171,2018,260,0.2307692307692307,0.1666666666666666,0,0.1708542713567839,0.0201342281879194,1
172,2022,335,0.1538461538461538,0.1666666666666666,0,0.1959798994974874,0.0492170022371364,1
173,2023,470,0.9230769230769232,0.1666666666666666,0,0.271356783919598,0.0671140939597315,3
174,2022,470,0.9230769230769232,0.1666666666666666,0,0.271356783919598,0.0671140939597315,3
175,2020,475,0.6923076923076923,0.3333333333333333,0.3333333333333333,0.3266331658291457,0.105145413870246,3
176,2017,465,0.6923076923076923,0.3333333333333333,0,0.5577889447236181,0.0693512304250559,3
177,2021,250,0.0769230769230769,0.1666666666666666,0,0.3065326633165829,0.0290827740492169,1
178,2016,465,0.0769230769230769,0.3333333333333333,0,0.5577889447236181,0.0693512304250559,3
179,2018,250,0.2307692307692307,0.1666666666666666,0,0.2010050251256281,0.0290827740492169,1
180,2020,295,0,0,0,0.3567839195979899,0.0044742729306487,1
181,2018,495,0,0.1666666666666666,0,0.3567839195979899,0.0447427293064876,3
182,2019,345,0,0.1666666666666666,0,0.2211055276381909,0.0290827740492169,1
183,2020,250,0.3076923076923077,0.1666666666666666,0,0.1206030150753769,0.0156599552572706,1
184,2018,250,0,0.1666666666666666,0,0.1206030150753769,0.0156599552572706,1
185,2017,680,0,0.3333333333333333,0,0.3065326633165829,0.0939597315436241,3
186,2019,299,0,0.1666666666666666,0,0.2613065326633166,0.0290827740492169,1
187,2019,299,0,0.1666666666666666,0,0.2613065326633166,0.0290827740492169,1
188,2018,315,0.6923076923076923,0.1666666666666666,0,0,0.1722595078299776,1
189,2022,270,0.3846153846153846,0.1666666666666666,0,0.1256281407035175,0.0156599552572706,1
190,2017,227,0.4615384615384616,0.1666666666666666,0,0.1206030150753769,0.0111856823266219,1
191,2019,247,0.1538461538461538,0.1666666666666666,0,0.1959798994974874,0.0290827740492169,1
192,2019,250,0.1538461538461538,0.1666666666666666,0,0.2613065326633166,0.0290827740492169,1
193,2018,689,0.3076923076923077,1,1,1,1,3
194,2022,335,0.3076923076923077,0.1666666666666666,0,0.1959798994974874,0.0492170022371364,1
195,2023,270,0.6923076923076923,0.1666666666666666,0,0.1256281407035175,0.0156599552572706,1
196,2022,245,0,0.1666666666666666,0,0.1959798994974874,0.0290827740492169,1
197,2020,350,0,0.1666666666666666,0,0.1959798994974874,0.0380313199105145,1
198,2017,345,0.0769230769230769,0.1666666666666666,0,0.3517587939698492,0.0536912751677852,1
199,2021,349,0,0.1666666666666666,0,0.1909547738693467,0.0380313199105145,1
200,2016,298,0,0.1666666666666666,0,0.1256281407035175,0.0380313199105145,1
201,2018,298,0.7692307692307694,0.1666666666666666,0,0.1256281407035175,0.0380313199105145,1
202,2020,487,0.9230769230769232,0.3333333333333333,0,0.2964824120603015,0.0850111856823266,3
203,2018,480,0,0.3333333333333333,0,0.2814070351758794,0.0805369127516778,3
204,2019,365,0,0.1666666666666666,0,0.321608040201005,0.0492170022371364,1
205,2010,685,0.1538461538461538,0.3333333333333333,0.3333333333333333,0.4221105527638191,0.1208053691275167,3
206,2023,375,0.4615384615384616,0.1666666666666666,0,0.1809045226130653,0.1096196868008948,1
207,2022,290,0.6923076923076923,0.1666666666666666,0,0.1708542713567839,0.0492170022371364,1
208,2019,495,0.3076923076923077,0.1666666666666666,0,0.1809045226130653,0.1096196868008948,3
209,2020,315,1.0000000000000002,0,0,0.2613065326633166,0.0290827740492169,1
210,2017,315,0,0.1666666666666666,0,0.2613065326633166,0.0290827740492169,1
211,2021,680,0.2307692307692307,0.3333333333333333,0,0.3065326633165829,0.0827740492170022,3
212,2016,295,0.5384615384615385,0.1666666666666666,0,0,0.0917225950782997,1
213,2018,235,0.6153846153846154,0.1666666666666666,0,0.185929648241206,0.0156599552572706,1
214,2020,485,0.6923076923076923,0.3333333333333333,0,0.2763819095477386,0.0715883668903803,3
215,2018,287,0,0.1666666666666666,0,0.1809045226130653,0.0290827740492169,1
216,2019,327,0.6923076923076923,0.1666666666666666,0,0.2412060301507537,0.0290827740492169,1
217,2020,290,0.6923076923076923,0.1666666666666666,0,0.1909547738693467,0.0290827740492169,1
218,2018,287,0,0.1666666666666666,0,0.1758793969849246,0.0290827740492169,1
219,2017,278,0,0.1666666666666666,0,0.1758793969849246,0.0290827740492169,1
220,2018,227,0.5384615384615385,0.3333333333333333,0.3333333333333333,0.1809045226130653,0.1230425055928411,1
221,2019,550,0,0.1666666666666666,0,0.0452261306532663,0.1096196868008948,3
222,2020,325,0.6923076923076923,0.1666666666666666,0,0,0.1096196868008948,1
223,2018,475,0,0.3333333333333333,0,0.0452261306532663,0.1096196868008948,3
224,2017,685,0,0.1666666666666666,0,0.0452261306532663,0.1096196868008948,3
225,2019,270,0.6923076923076923,0.1666666666666666,0,0,0.1230425055928411,1
226,2019,260,0.1538461538461538,0.3333333333333333,0,0,0.1252796420581655,1
227,2018,255,0.5384615384615385,0.1666666666666666,0,0.0452261306532663,0.1096196868008948,1
228,2022,549,0,0.1666666666666666,0,0,0.1096196868008948,3
229,2017,585,0.0769230769230769,0.1666666666666666,0,0,0.1029082774049217,3
230,2019,280,0,0.1666666666666666,0.3333333333333333,0.1206030150753769,0.1275167785234899,1
231,2019,350,0.5384615384615385,0.1666666666666666,0,0.0452261306532663,0.1096196868008948,1
232,2018,598,0,0.1666666666666666,0,0,0.0917225950782997,3
233,2022,480,0.6923076923076923,0.1666666666666666,0,0,0.1364653243847874,3
234,2023,556,0,0.3333333333333333,0,0.0904522613065326,0.1364653243847874,3
235,2022,495,0,0.6666666666666666,0.6666666666666667,0.4221105527638191,0.2304250559284116,3
236,2020,270,0.3076923076923077,0.1666666666666666,0,0,0.1096196868008948,1
237,2017,260,1.0000000000000002,0.1666666666666666,0,0.1206030150753769,0.2170022371364653,1
238,2021,260,0.0769230769230769,0.1666666666666666,0,0,0.1096196868008948,1
239,2016,260,0.4615384615384616,0.3333333333333333,0,0.1206030150753769,0.2170022371364653,1
240,2018,350,0.2307692307692307,0.1666666666666666,0,0.0452261306532663,0.1096196868008948,1
241,2020,350,0.1538461538461538,0.3333333333333333,0,0,0.1096196868008948,1
242,2018,270,0,0.1666666666666666,0,0,0.1208053691275167,1
243,2019,592,0,0.1666666666666666,0,0.0452261306532663,0.1096196868008948,3
244,2010,270,0,0.1666666666666666,0,0.1809045226130653,0.1230425055928411,1
245,2023,350,0.0769230769230769,0.1666666666666666,0,0,0.1096196868008948,1
246,2022,325,0.6923076923076923,0.6666666666666666,0.3333333333333333,0.1206030150753769,0.2170022371364653,1
247,2019,250,0,0.3333333333333333,0,0,0.1096196868008948,1
248,2020,595,0,0.3333333333333333,0,0,0.1208053691275167,3
249,2017,299,0,0.1666666666666666,0.6666666666666667,0,0.1096196868008948,1
250,2021,645,0.0769230769230769,0.3333333333333333,0.3333333333333333,0.1809045226130653,0.1230425055928411,3
251,2016,200,0.3076923076923077,0.1666666666666666,0,0,0.1096196868008948,1
252,2018,645,1.0000000000000002,0.1666666666666666,0,0,0.1096196868008948,3
253,2020,370,0.0769230769230769,0.3333333333333333,0,0,0.1208053691275167,1
254,2018,255,0.4615384615384616,0.1666666666666666,0,0.1206030150753769,0.2170022371364653,1
255,2019,550,0.2307692307692307,0.3333333333333333,0.3333333333333333,0,0.1096196868008948,3
256,2020,299,0.1538461538461538,0.1666666666666666,0,0.0452261306532663,0.1096196868008948,1
257,2014,200,0,0.3333333333333333,0.6666666666666667,0,0.1096196868008948,1
258,2017,299,0,0.1666666666666666,0.3333333333333333,0,0.1029082774049217,1
259,2014,645,0,0.1666666666666666,0,0,0.0917225950782997,3
260,2012,550,0.0769230769230769,0.3333333333333333,0.3333333333333333,0,0.1230425055928411,3
261,2019,730,0.6923076923076923,0.1666666666666666,0,0,0.1252796420581655,3
262,2018,645,0,0.1666666666666666,0,0,0.1364653243847874,3
263,2016,550,0,0.1666666666666666,0.3333333333333333,0,0.1096196868008948,3
264,2015,689,0,0.6666666666666666,0.3333333333333333,0.1206030150753769,0.2170022371364653,3
265,2012,730,0.0769230769230769,0.5,0.3333333333333333,0,0.1096196868008948,3
266,2015,585,0.0769230769230769,0.6666666666666666,0,0.1809045226130653,0.1230425055928411,3
267,2018,685,0.5384615384615385,0.3333333333333333,0.3333333333333333,0.0452261306532663,0.1096196868008948,3
268,2016,475,0.6153846153846154,0.1666666666666666,0,0.1206030150753769,0.1275167785234899,3
269,2017,275,0.2307692307692307,0.1666666666666666,0,0.0452261306532663,0.1096196868008948,1
270,2019,550,0.7692307692307694,0.1666666666666666,0,0,0.1096196868008948,3
271,2016,275,0.8461538461538463,0.3333333333333333,0.6666666666666667,0,0.1029082774049217,1
272,2018,270,0.6923076923076923,0.5,0,0,0.0917225950782997,1
273,2017,555,0.4615384615384616,0.1666666666666666,0,0,0.1230425055928411,3
274,2016,680,0.3846153846153846,0.3333333333333333,0,0,0.1252796420581655,3
275,2018,495,0.9230769230769232,0.1666666666666666,0,0.1206030150753769,0.1275167785234899,3
276,2019,475,0.1538461538461538,0,0.6666666666666667,0,0.1096196868008948,3
277,2016,645,0.3076923076923077,0.1666666666666666,0.6666666666666667,0,0.1364653243847874,3
278,2015,260,0.0769230769230769,0.1666666666666666,0.6666666666666667,0,0.1096196868008948,1
279,2018,255,1.0000000000000002,0.1666666666666666,0,0.1206030150753769,0.2170022371364653,1
280,2017,260,0.8461538461538463,0.6666666666666666,0.3333333333333333,0,0.1096196868008948,1
281,2016,255,0.6153846153846154,0.3333333333333333,0,0,0.1208053691275167,1
282,2015,3357,0.5384615384615385,0.1666666666666666,0.3333333333333333,0,0.1297539149888143,4
283,2018,470,0,0.1666666666666666,0,0.1206030150753769,0.1319910514541387,3
284,2014,270,0.6923076923076923,0.5,0.6666666666666667,0.0452261306532663,0.1096196868008948,1
285,2012,280,0,0.6666666666666666,0,0,0.1096196868008948,1
286,2013,490,0.0769230769230769,0.3333333333333333,0,0,0.1029082774049217,3
287,2016,490,0,0.1666666666666666,0,0.1809045226130653,0.1342281879194631,3
288,2014,475,0.6923076923076923,0.3333333333333333,0,0,0.1364653243847874,3
289,2017,470,0.5384615384615385,0.3333333333333333,0.3333333333333333,0.1206030150753769,0.1387024608501118,3
290,2013,260,0.6153846153846154,0.3333333333333333,0.3333333333333333,0,0.1409395973154362,1
291,2023,275,0.0769230769230769,0.5,0,0,0.0917225950782997,1
292,2022,235,0.3846153846153846,0.1666666666666666,0.3333333333333333,0,0.1364653243847874,1
293,2023,680,0.2307692307692307,0.3333333333333333,0.3333333333333333,0,0.1096196868008948,3
294,2017,235,0.1538461538461538,0.3333333333333333,0.3333333333333333,0.1809045226130653,0.1431767337807606,1
295,2018,6670,0.9230769230769232,0.1666666666666666,0,0,0.145413870246085,2
296,2015,550,0.9230769230769232,0.3333333333333333,0,0,0.1208053691275167,3
297,2022,559,0.6923076923076923,0.3333333333333333,0.3333333333333333,0,0.1230425055928411,3
298,2018,550,0.6923076923076923,0.3333333333333333,0.6666666666666667,0.1206030150753769,0.1364653243847874,3
299,2017,550,0.0769230769230769,0.5,0.6666666666666667,0,0.1096196868008948,3
300,2016,350,0.0769230769230769,0.1666666666666666,0,0.0452261306532663,0.1096196868008948,1
301,2018,200,0.2307692307692307,0.3333333333333333,0.3333333333333333,0.1206030150753769,0.1476510067114094,1
302,2019,486,0,0.3333333333333333,0,0,0.1498881431767337,3
303,2016,640,0,0.3333333333333333,0,0.0452261306532663,0.1521252796420581,3
304,2015,485,0,0.1666666666666666,0,0,0.1252796420581655,3
305,2018,545,0.3076923076923077,0.1666666666666666,0,0.1206030150753769,0.1275167785234899,3
306,2017,545,0,0.6666666666666666,0.6666666666666667,0.0452261306532663,0.1230425055928411,3
307,2016,720,0,0.5,0.3333333333333333,0.0452261306532663,0.1096196868008948,3
308,2015,720,0,0.1666666666666666,0.6666666666666667,0,0.1096196868008948,3
309,2018,350,0,0.1666666666666666,0.3333333333333333,0,0.1543624161073825,1
310,2014,560,0.6923076923076923,0.3333333333333333,0.3333333333333333,0,0.1565995525727069,3
311,2012,480,0.3846153846153846,0.1666666666666666,0.3333333333333333,0,0.1588366890380313,3
312,2013,575,0.4615384615384616,0.3333333333333333,0.6666666666666667,0.1206030150753769,0.1364653243847874,3
313,2016,730,0.1538461538461538,0.5,0.6666666666666667,0,0.1096196868008948,3
314,2014,580,0.1538461538461538,0.3333333333333333,0.6666666666666667,0,0.1029082774049217,3
315,2017,689,0.3076923076923077,0.5,0,0,0.0917225950782997,3
316,2013,550,0.3076923076923077,0.1666666666666666,0,0,0.1610738255033557,3
317,2023,580,0.6923076923076923,0.3333333333333333,0,0.0452261306532663,0.1096196868008948,3
318,2023,594,0,0.1666666666666666,0,0,0.1096196868008948,3
